2984,Laura Smith, Engineer, 0694829475, laurasmith@email.com
2985,Mark Johnson, Teacher, 0672829054, markjohnson@email.com
2986,Sarah Brown, Nurse, 0656724003, sarahbrown@email.com
2987,Michael Davis, Architect, 0638824067, michaeldavis@email.com
2988,Emma Wilson, Lawyer, 0625824011, emmawilson@email.com
2989,Daniel Moore, Chef, 0693824062, danielmoore@email.com
2990,Olivia Taylor, Artist, 0681824033, oliviataylor@email.com
2991,William Anderson, Writer, 0649824076, williamanderson@email.com
8392,Sophia Thomas, Scientist, 0665824099, sophiathomas@email.com
2993,Lucas Jackson, Musician, 0677824004, lucasjackson@email.com
2564,Mia Martin, Photographer, 0653824065, miamartin@email.com
1195,Benjamin Lee, Programmer, 0642824088, benjaminlee@email.com
5666,Isabella Harris, Designer, 0631824077, isabellaharris@email.com
7997,Ethan Clark, Accountant, 0629824066, ethanclark@email.com
3575,Ava Lewis, Journalist, 0699824055, avalewis@email.com
2999,Matthew Walker, Doctor, 0683824012, matthewwalker@email.com
5425,Elizabeth Allen, Dentist, 0674824078, elizabethallen@email.com
3001,Henry Young, Economist, 0663824089, henryyoung@email.com
9658,Zoe Hernandez, Psychologist, 0658824056, zoehernandez@email.com
5455,Jackson King, Biologist, 0644824047, jacksonking@email.com